{
    "images": [
        {
            "height": 500,
            "width": 375,
            "id": 0,
            "file_name": "positive_13.jpg"
        },
        {
            "height": 500,
            "width": 375,
            "id": 1,
            "file_name": "positive_28.jpg"
        },
        {
            "height": 500,
            "width": 375,
            "id": 2,
            "file_name": "positive_37.jpg"
        },
        {
            "height": 500,
            "width": 375,
            "id": 3,
            "file_name": "positive_44.jpg"
        },
        {
            "height": 500,
            "width": 375,
            "id": 4,
            "file_name": "positive_45.jpg"
        },
        {
            "height": 500,
            "width": 375,
            "id": 5,
            "file_name": "positive_46.jpg"
        },
        {
            "height": 500,
            "width": 375,
            "id": 6,
            "file_name": "positive_47.jpg"
        },
        {
            "height": 500,
            "width": 375,
            "id": 7,
            "file_name": "positive_54.jpg"
        },
        {
            "height": 500,
            "width": 375,
            "id": 8,
            "file_name": "positive_55.jpg"
        },
        {
            "height": 500,
            "width": 375,
            "id": 9,
            "file_name": "positive_56.jpg"
        },
        {
            "height": 500,
            "width": 375,
            "id": 10,
            "file_name": "positive_57.jpg"
        },
        {
            "height": 500,
            "width": 375,
            "id": 11,
            "file_name": "positive_60.jpg"
        },
        {
            "height": 500,
            "width": 375,
            "id": 12,
            "file_name": "positive_61.jpg"
        },
        {
            "height": 500,
            "width": 375,
            "id": 13,
            "file_name": "positive_62.jpg"
        },
        {
            "height": 375,
            "width": 500,
            "id": 14,
            "file_name": "positive_63.jpg"
        },
        {
            "height": 500,
            "width": 375,
            "id": 15,
            "file_name": "positive_64.jpg"
        },
        {
            "height": 500,
            "width": 375,
            "id": 16,
            "file_name": "positive_65.jpg"
        },
        {
            "height": 375,
            "width": 500,
            "id": 17,
            "file_name": "positive_66.jpg"
        },
        {
            "height": 500,
            "width": 375,
            "id": 18,
            "file_name": "positive_67.jpg"
        },
        {
            "height": 500,
            "width": 375,
            "id": 19,
            "file_name": "positive_7.jpg"
        }
    ],
    "categories": [
        {
            "supercategory": "carediagnostic",
            "id": 0,
            "name": "carediagnostic"
        }
    ],
    "annotations": [
        {
            "segmentation": [
                [
                    172.58966420576328,
                    212.70302452964995,
                    171.76923076923077,
                    278.4615384615385,
                    192.7948717948718,
                    278.4615384615385,
                    192.7948717948718,
                    213.33333333333337
                ]
            ],
            "iscrowd": 0,
            "area": 1349.2719064164557,
            "image_id": 0,
            "bbox": [
                171.0,
                212.0,
                21.0,
                66.0
            ],
            "category_id": 0,
            "id": 1
        },
        {
            "segmentation": [
                [
                    190.2,
                    170.0,
                    190.2,
                    220.3,
                    203.1,
                    220.7,
                    203.6,
                    169.7
                ]
            ],
            "iscrowd": 0,
            "area": 666.0599999999977,
            "image_id": 1,
            "bbox": [
                190.0,
                169.0,
                13.0,
                51.0
            ],
            "category_id": 0,
            "id": 2
        },
        {
            "segmentation": [
                [
                    195.55984555984557,
                    203.86100386100387,
                    195.75289575289577,
                    269.88416988416986,
                    215.63706563706566,
                    270.0772200772201,
                    213.51351351351352,
                    203.86100386100387
                ]
            ],
            "iscrowd": 0,
            "area": 1250.801270106298,
            "image_id": 2,
            "bbox": [
                195.0,
                203.0,
                20.0,
                67.0
            ],
            "category_id": 0,
            "id": 3
        },
        {
            "segmentation": [
                [
                    158.87521968365553,
                    282.7768014059754,
                    160.1054481546573,
                    344.1124780316344,
                    176.6256590509666,
                    344.46397188049207,
                    174.51669595782073,
                    282.9525483304042
                ]
            ],
            "iscrowd": 0,
            "area": 987.3023619274609,
            "image_id": 3,
            "bbox": [
                158.0,
                282.0,
                18.0,
                62.0
            ],
            "category_id": 0,
            "id": 4
        },
        {
            "segmentation": [
                [
                    142.2779922779923,
                    279.92277992277997,
                    142.0849420849421,
                    293.82239382239385,
                    188.80308880308883,
                    293.2432432432433,
                    188.03088803088804,
                    279.34362934362935
                ]
            ],
            "iscrowd": 0,
            "area": 642.8236013177957,
            "image_id": 4,
            "bbox": [
                142.0,
                279.0,
                46.0,
                14.0
            ],
            "category_id": 0,
            "id": 5
        },
        {
            "segmentation": [
                [
                    164.96,
                    223.2,
                    165.44,
                    270.24,
                    180.8,
                    270.24,
                    178.56,
                    224.0,
                    178.24,
                    223.36
                ]
            ],
            "iscrowd": 0,
            "area": 679.0271999999968,
            "image_id": 5,
            "bbox": [
                164.0,
                223.0,
                16.0,
                47.0
            ],
            "category_id": 0,
            "id": 6
        },
        {
            "segmentation": [
                [
                    149.50815850815852,
                    186.24708624708626,
                    149.50815850815852,
                    247.78554778554778,
                    166.52447552447552,
                    249.1841491841492,
                    165.82517482517483,
                    187.4125874125874
                ]
            ],
            "iscrowd": 0,
            "area": 1027.1352579044906,
            "image_id": 6,
            "bbox": [
                149.0,
                186.0,
                17.0,
                63.0
            ],
            "category_id": 0,
            "id": 7
        },
        {
            "segmentation": [
                [
                    171.1864801864802,
                    244.52214452214452,
                    170.95337995337997,
                    258.27505827505826,
                    226.1981351981352,
                    258.7412587412587,
                    225.4988344988345,
                    244.98834498834498
                ]
            ],
            "iscrowd": 0,
            "area": 753.2560679413873,
            "image_id": 7,
            "bbox": [
                170.0,
                244.0,
                56.0,
                14.0
            ],
            "category_id": 0,
            "id": 8
        },
        {
            "segmentation": [
                [
                    172.09859154929575,
                    244.22535211267603,
                    171.5352112676056,
                    264.78873239436615,
                    242.23943661971828,
                    264.5070422535211,
                    241.95774647887322,
                    245.07042253521124
                ]
            ],
            "iscrowd": 0,
            "area": 1405.673477484641,
            "image_id": 8,
            "bbox": [
                171.0,
                244.0,
                71.0,
                20.0
            ],
            "category_id": 0,
            "id": 9
        },
        {
            "segmentation": [
                [
                    183.12372634643376,
                    257.9330422125182,
                    181.52256186317322,
                    301.16448326055314,
                    194.76855895196508,
                    301.8922852983988,
                    195.78748180494904,
                    258.6608442503639
                ]
            ],
            "iscrowd": 0,
            "area": 561.0114223603596,
            "image_id": 9,
            "bbox": [
                181.0,
                257.0,
                14.0,
                44.0
            ],
            "category_id": 0,
            "id": 10
        },
        {
            "segmentation": [
                [
                    178.71052631578945,
                    242.89473684210526,
                    178.57894736842104,
                    259.60526315789474,
                    247.39473684210526,
                    258.6842105263158,
                    246.60526315789474,
                    241.8421052631579
                ]
            ],
            "iscrowd": 0,
            "area": 1147.0740997229877,
            "image_id": 10,
            "bbox": [
                178.0,
                241.0,
                69.0,
                18.0
            ],
            "category_id": 0,
            "id": 11
        },
        {
            "segmentation": [
                [
                    175.0217076700434,
                    201.88133140376266,
                    176.90303907380607,
                    248.3357452966715,
                    191.37481910274963,
                    248.0463096960926,
                    188.7698986975398,
                    202.31548480463096
                ]
            ],
            "iscrowd": 0,
            "area": 650.203882458125,
            "image_id": 11,
            "bbox": [
                175.0,
                201.0,
                16.0,
                47.0
            ],
            "category_id": 0,
            "id": 12
        },
        {
            "segmentation": [
                [
                    160.30769230769232,
                    165.19230769230768,
                    161.8461538461538,
                    234.6153846153846,
                    180.69230769230768,
                    234.8076923076923,
                    179.53846153846155,
                    164.4230769230769
                ]
            ],
            "iscrowd": 0,
            "area": 1331.25,
            "image_id": 12,
            "bbox": [
                160.0,
                164.0,
                20.0,
                70.0
            ],
            "category_id": 0,
            "id": 13
        },
        {
            "segmentation": [
                [
                    178.57416267942585,
                    187.32057416267943,
                    178.57416267942585,
                    239.59330143540672,
                    195.91866028708137,
                    239.7129186602871,
                    194.9617224880383,
                    187.44019138755982,
                    193.64593301435409,
                    188.03827751196172
                ]
            ],
            "iscrowd": 0,
            "area": 876.5968041024753,
            "image_id": 13,
            "bbox": [
                178.0,
                187.0,
                17.0,
                52.0
            ],
            "category_id": 0,
            "id": 14
        },
        {
            "segmentation": [
                [
                    234.6,
                    175.8,
                    235.2,
                    192.6,
                    298.5,
                    190.8,
                    298.4,
                    174.4
                ]
            ],
            "iscrowd": 0,
            "area": 1055.4900000000052,
            "image_id": 14,
            "bbox": [
                234.0,
                174.0,
                64.0,
                18.0
            ],
            "category_id": 0,
            "id": 15
        },
        {
            "segmentation": [
                [
                    169.2937062937063,
                    259.2657342657343,
                    169.8181818181818,
                    271.6783216783217,
                    223.13986013986016,
                    269.5804195804196,
                    221.5664335664336,
                    256.64335664335664
                ]
            ],
            "iscrowd": 0,
            "area": 671.6709863563156,
            "image_id": 15,
            "bbox": [
                169.0,
                256.0,
                54.0,
                15.0
            ],
            "category_id": 0,
            "id": 16
        },
        {
            "segmentation": [
                [
                    193.41958041958043,
                    198.7762237762238,
                    189.92307692307696,
                    269.2307692307692,
                    213.52447552447552,
                    270.80419580419584,
                    212.65034965034965,
                    198.25174825174827,
                    192.19580419580421,
                    197.37762237762237
                ]
            ],
            "iscrowd": 0,
            "area": 1545.781578561291,
            "image_id": 16,
            "bbox": [
                189.0,
                197.0,
                24.0,
                73.0
            ],
            "category_id": 0,
            "id": 17
        },
        {
            "segmentation": [
                [
                    202.9080459770115,
                    150.76628352490422,
                    203.29118773946362,
                    166.09195402298852,
                    260.3793103448276,
                    166.66666666666669,
                    260.3793103448276,
                    150.3831417624521
                ]
            ],
            "iscrowd": 0,
            "area": 905.2641622994415,
            "image_id": 17,
            "bbox": [
                202.0,
                150.0,
                58.0,
                16.0
            ],
            "category_id": 0,
            "id": 18
        },
        {
            "segmentation": [
                [
                    163.52447552447552,
                    284.965034965035,
                    168.24475524475525,
                    344.5804195804196,
                    184.6783216783217,
                    343.53146853146853,
                    180.13286713286715,
                    283.39160839160843
                ]
            ],
            "iscrowd": 0,
            "area": 995.3115066751488,
            "image_id": 18,
            "bbox": [
                163.0,
                283.0,
                21.0,
                61.0
            ],
            "category_id": 0,
            "id": 19
        },
        {
            "segmentation": [
                [
                    168.76923076923077,
                    81.46853146853147,
                    168.94405594405595,
                    97.20279720279721,
                    249.53846153846155,
                    98.95104895104896,
                    250.23776223776224,
                    82.16783216783217
                ]
            ],
            "iscrowd": 0,
            "area": 1317.790601007393,
            "image_id": 19,
            "bbox": [
                168.0,
                81.0,
                82.0,
                17.0
            ],
            "category_id": 0,
            "id": 20
        }
    ]
}